border,back,ink,mask,stock
line,fate,emperor,mask-line,emperor
line,fate,emperor-brilliant,mask-line,emperor-gloss
thicc,cinematic,emperor-brilliant,mask-line,emperor-gloss
birka-inverted,oath-rings,emperor-bright,mask-birka,emperor-gloss
saxon,oath-rings,emperor-bright,none,emperor
haus-2,oath-rings-inverted,emperor,none,emperor
moon,cup-wider,emperor,none,emperor
midgard-serpent,cup-inverted,emperor,none,emperor
haus-2,cups,emperor,none,emperor
birka-inverted,knotwork-ravens,octarine-bright,mask-birka,emperor
odal,oath-rings,emperor-bright,none,black
naked,saxon,santo-bright,none,black
round,helmet,macbeth,mask-round,black
sun,cups,ferrous,none,black
moon,knotwork-moon,energetic-bright,none,black
staggered,cinematic,lavender-bright,none,black
saxon,compass,santo,none,black
birka-inverted,knotwork-moon,crystal,mask-birka,white
round,helmet,ferrous,none,white
valknut,fate,fools-gold,none,black
saxon,saxon,energetic,,black
naked,compass,santo-bright,none,black
line,knotwork-moon,bubble-gum,none,black
solar-cross,compass,dawn,none,black
solar-cross,helmet,sanguine,none,black
moon,swords,sultan,mask-birka,black
staggered,knotwork-moon,copper,mask-birka,black
valknut,saxon,fools-gold,mask-birka,emperor-gloss
haus-3,cup-inverted,sanguine-bright,mask-haus,emperor
solar-cross,knotwork-ravens,emperor,none,emperor
moon,cup-inverted,sanguine,mask-birka,emperor-gloss
greek,fate,ferrous,mask-greek,emperor
thin,helmet,santo,none,black
worn-saxon,helmet,dusk,none,black
midgard-serpent,oath-rings,santo,none,black
haus-3,oath-rings-inverted,garnet,mask-haus,black
haus-1,knotwork-moon,copper,none,black
saxon-worn,cup-wider,sanguine,none,emperor
saxon-worn,cup-extra,ferrous-bright,none,black
saxon,saxon-bordered,sanguine,,black
odal,odal-rune,garnet,,black
saxon,knotwork-moon,energetic,none,black
naked,worn-saxon,ferrous-brilliant,none,black
worn-saxon,saxon,sanguine-bright,none,black
line,raven-outline,fools-gold,mask-line,emperor
greek,fate,energetic-brilliant,,black
haus-4,cups,macbeth,,emperor
round,cup-extra,silver,mask-round,black
birka-inverted,cinematic,sanguine-bright,mask-birka,emperor
odal,odal-rune,cinematic,mask-haus,black
sun,knotwork-ravens,witching-hour,none,black
naked,fate,octarine,none,black
naked,wyrd,witching-hour,none,black
greek,worn-saxon,energetic,mask-greek,black
haus-2,oath-rings,ferrous-brilliant,,black
moon,saxon,silver,mask-birka,black
sun,fate,copper,none,black
sun,oath-rings,santo-brilliant,mask-line,black
round,swords,santo-brilliant,,emperor
line,cups,ferrous,mask-line,black
odal,raven-solid,sanguine,none,black
greek,worn-saxon,copper,none,emperor
naked,compass,ferrous,none,black
worn-saxon,cup-wider,santo,none,black
solar-cross,saxon,octarine,none,emperor
haus-1,raven-solid,octarine,none,black
solar-cross,wyrd,energetic-bright,,black
bare,compass,octarine,none,black
birka-inverted,compass,ferrous,none,black
line,compass,santo-bright,,black
staggered,cups,octarine,none,black
solar-cross,worn-saxon,ferrous,none,black
birka,cup-extra,ward,mask-birka,black
moon,oath-rings-inverted,santo-brilliant,none,black
sun,cup-inverted,energetic-bright,,black
birka,helmet,copper,mask-birka,black
odal,odal-rune,santo,none,black
staggered,compass,emperor,mask-line,emperor
valknut,cinematic,sanguine,none,black
saxon-worn,cup-extra,energetic-bright,none,black
saxon-worn,worn-saxon,santo,none,black
valknut,cinematic,ferrous,mask-birka,black
thin,compass,energetic,none,white
haus-1,cup-wider,santo,none,black
greek,cinematic,ferrous-brilliant,none,black
midgard-serpent,cup-wider,copper,none,black
saxon-worn,worn-saxon,copper,,white
haus-2,saxon-bordered,gold,none,black
worn-saxon,saxon,emperor,none,black
odal,wyrd,sanguine,none,emperor
odal,cinematic,garnet,,black
solar-cross,saxon-bordered,silver,none,black
haus-3,knotwork-ravens,energetic,,black
round,cup-extra,dawn,none,black
sun,helmet,garnet,,emperor
worn-saxon,cup-wider,energetic,none,white
worn-saxon,saxon,ferrous,none,black
odal,knotwork-moon,gold,none,black
solar-cross,cup-wider,octarine,none,black
moon,wyrd,ferrous,none,black
birka-inverted,worn-saxon,santo,none,white
thin,cups,macbeth,mask-line,emperor
haus-1,knotwork-ravens,copper,none,black
sun,knotwork-moon,santo,none,black
saxon,cinematic,sanguine,,black
haus-3,worn-saxon,garnet,mask-haus,emperor
haus-1,saxon,lavender,none,white
greek,saxon-bordered,lavender-bright,,black
haus-1,knotwork-ravens,santo,none,black
wyrd,swords,sultan,none,black